Date,Price,Open,High,Low,Vol.,Change %
18-Jun-18,80,84.5,84.5,79,245.62K,-5.33%
19-Jun-18,79.5,82,82,79,64.22K,-0.63%
20-Jun-18,81.9,81.9,81.9,81,23.08K,3.02%
21-Jun-18,80,81.8,81.8,79.5,121.39K,-2.32%
22-Jun-18,79.15,80.05,80.85,79,69.46K,-1.06%
25-Jun-18,76.5,79.15,79.2,76.5,575.72K,-3.35%
26-Jun-18,75.4,77,77.8,75,232.42K,-1.44%
27-Jun-18,75.2,75.4,76,75,91.57K,-0.27%
28-Jun-18,72,75.3,76,72,421.80K,-4.26%
29-Jun-18,69.3,70,70,68.9,579.10K,-3.75%
2-Jul-18,68.2,69.3,70,68,331.74K,-1.59%
3-Jul-18,66.8,68.2,69.2,66.5,302.10K,-2.05%
4-Jul-18,67.45,67.7,68,66.65,677.36K,0.97%
5-Jul-18,66.5,67.45,67.45,66.5,337.67K,-1.41%
6-Jul-18,66.05,66.6,67,66,143.69K,-0.68%
9-Jul-18,66,66.9,66.9,66,72.91K,-0.08%
10-Jul-18,65.6,66.1,66.5,65.5,240.10K,-0.61%
11-Jul-18,67.65,66,68.9,66,283.53K,3.13%
12-Jul-18,70.4,69,71.55,68.7,233.41K,4.07%
13-Jul-18,71,70.35,72,69.95,220.60K,0.85%
16-Jul-18,71,71.2,72.85,71,166.24K,0.00%
17-Jul-18,71.1,71.95,72.15,70.5,72.10K,0.14%
18-Jul-18,71.5,71.6,72,71.1,95.27K,0.56%
19-Jul-18,70.15,71.6,71.6,70.15,115.29K,-1.89%
20-Jul-18,69.9,70.15,70.5,69.65,170.04K,-0.36%
23-Jul-18,70,69.9,70.5,69.75,239.49K,0.14%
24-Jul-18,70,70,70.5,69.8,222.46K,0.00%
25-Jul-18,70.1,70,70.8,69.95,665.20K,0.14%
26-Jul-18,71.5,70.3,72,70.3,153.19K,2.00%
27-Jul-18,70.9,72,72,70.45,52.76K,-0.84%
30-Jul-18,70,71.3,71.95,69.75,745.39K,-1.27%
31-Jul-18,70.35,70,70.95,70,120.83K,0.50%
1-Aug-18,70.4,70.9,71,69.8,238.26K,0.07%
2-Aug-18,69.95,70.4,70.85,69.75,167.40K,-0.64%
3-Aug-18,69.95,69.95,70.85,69.65,472.74K,0.00%
6-Aug-18,69.35,70,70.1,69.35,184.16K,-0.86%
7-Aug-18,69.4,69.5,70,69.35,81.84K,0.07%
8-Aug-18,70,69.95,70.4,69.85,372.19K,0.86%
9-Aug-18,69.95,70,70.05,69.8,879.42K,-0.07%
10-Aug-18,70.35,70,71.1,69.95,2.16M,0.57%
13-Aug-18,70,70.35,71,69.7,306.19K,-0.50%
14-Aug-18,70,70,70.1,69.7,121.53K,0.00%
15-Aug-18,70.3,70,70.95,70,157.76K,0.43%
16-Aug-18,71.05,70.45,71.95,70.4,353.31K,1.07%
17-Aug-18,71.65,71.3,71.9,71.3,311.23K,0.84%
20-Aug-18,71.4,71.65,71.7,71.2,316.00K,-0.35%
22-Aug-18,71.4,71.4,71.7,71,114.52K,0.00%
23-Aug-18,72.8,71.4,74.15,71.4,402.86K,1.96%
24-Aug-18,72,73,74,71.9,657.35K,-1.10%
28-Aug-18,72.65,72.1,74,72.1,116.47K,0.90%
29-Aug-18,73.1,72.9,74.4,72.7,194.84K,0.62%
30-Aug-18,74.35,73.15,74.6,73.15,222.12K,1.71%
31-Aug-18,72,74.35,75,72,275.21K,-3.16%
3-Sep-18,73,74.4,74.95,72.7,234.69K,1.39%
4-Sep-18,76.9,74.4,76.95,74.4,160.01K,5.34%
5-Sep-18,75.2,77,77.1,75.2,228.38K,-2.21%
6-Sep-18,72.5,75.2,75.2,72.5,197.31K,-3.59%
7-Sep-18,73.7,73.5,74.2,73.3,82.05K,1.66%
10-Sep-18,74.1,73.7,74.5,72.8,151.71K,0.54%
11-Sep-18,72,74.1,74.2,72,226.06K,-2.83%
12-Sep-18,72,72.1,72.95,71.9,204.13K,0.00%
13-Sep-18,71.6,71.95,71.95,71.2,220.92K,-0.56%
14-Sep-18,71.05,71.6,71.6,70.8,161.02K,-0.77%
17-Sep-18,72,71.05,72.9,71,54.28K,1.34%
18-Sep-18,72,72.5,72.75,71.75,83.22K,0.00%
19-Sep-18,71.5,70.8,72,70.75,91.71K,-0.69%
20-Sep-18,72,71.5,72.75,71,108.59K,0.70%
21-Sep-18,72.8,72.3,72.8,70.1,225.89K,1.11%
24-Sep-18,72.1,72.8,72.85,70,23.42K,-0.96%
25-Sep-18,72,72.1,72.4,72,130.69K,-0.14%
26-Sep-18,72.1,72,72.2,71.9,112.13K,0.14%
27-Sep-18,72.6,72.2,72.75,72.1,129.36K,0.69%
28-Sep-18,70,72.5,72.55,70,253.01K,-3.58%
1-Oct-18,66.1,71,71.75,66.1,325.14K,-5.57%
2-Oct-18,67.15,66.1,67.85,66.1,306.63K,1.59%
3-Oct-18,67.55,68,68,67.2,25.22K,0.60%
4-Oct-18,67.3,67.55,67.9,67.2,32.14K,-0.37%
5-Oct-18,67.2,67.5,69,67.2,35.36K,-0.15%
8-Oct-18,67.45,67.35,68.5,67.25,29.23K,0.37%
9-Oct-18,67.5,68,68.15,67.25,22.60K,0.07%
10-Oct-18,67,68,68,67,39.10K,-0.74%
11-Oct-18,66.1,67,67,66.05,250.43K,-1.34%
12-Oct-18,67,66.2,68,66.1,452.08K,1.36%
15-Oct-18,67.8,67.55,69.8,67.4,333.71K,1.19%
16-Oct-18,62.463,64.782,65.255,62.463,76.21K,-7.87%
17-Oct-18,62.889,62.7,64.356,62.7,209.93K,0.68%
18-Oct-18,62.463,63.078,64.356,62.463,105.51K,-0.68%
19-Oct-18,61.043,62.463,63.315,61.043,800.53K,-2.27%
22-Oct-18,61.942,61.091,62.368,61.091,45.33K,1.47%
23-Oct-18,61.895,61.99,63.125,61.895,120.87K,-0.08%
24-Oct-18,61.99,63.031,63.031,61.99,96.74K,0.15%
25-Oct-18,61.091,61.99,62.416,61.091,69.92K,-1.45%
26-Oct-18,62.842,62.274,62.842,61.801,19.06K,2.87%
29-Oct-18,62.842,62.842,62.936,62.652,35.34K,0.00%
30-Oct-18,62.889,62.889,64.119,62.889,52.84K,0.08%
31-Oct-18,60.57,63.883,63.883,60.57,166.90K,-3.69%
5-Nov-18,64.356,61.517,64.64,61.517,105.26K,6.25%
6-Nov-18,65.444,64.498,65.681,64.356,372.58K,1.69%
7-Nov-18,65.255,65.444,65.539,64.356,53.10K,-0.29%
8-Nov-18,64.356,65.208,65.539,61.848,274.03K,-1.38%
9-Nov-18,62.132,64.356,64.356,61.99,85.55K,-3.46%
12-Nov-18,59.624,62.084,62.132,59.624,331.46K,-4.04%
13-Nov-18,58.11,59.671,59.718,57.968,1.32M,-2.54%
14-Nov-18,58.961,58.393,60.57,58.251,561.45K,1.47%
15-Nov-18,59.624,59.198,60.476,59.198,333.37K,1.12%
16-Nov-18,61.753,59.624,62.226,59.624,879.36K,3.57%
19-Nov-18,63.788,61.801,64.356,61.801,214.92K,3.30%
20-Nov-18,62.463,63.788,63.788,62.463,81.89K,-2.08%
21-Nov-18,62.463,62.558,64.545,62.463,275.28K,0.00%
22-Nov-18,62.51,62.463,62.984,62.463,101.29K,0.08%
23-Nov-18,64.356,63.173,65.208,62.51,72.30K,2.95%
26-Nov-18,68.189,65.302,69.466,65.302,740.37K,5.96%
27-Nov-18,68.236,68.615,69.514,66.864,58.68K,0.07%
28-Nov-18,67.1,68.236,69.277,67.1,111.87K,-1.66%
29-Nov-18,70.176,67.195,70.413,67.195,285.82K,4.58%
3-Dec-18,69.798,70.034,72.211,69.561,136.63K,-0.54%
4-Dec-18,71.454,70.933,71.832,70.933,140.51K,2.37%
5-Dec-18,68.236,70.981,70.981,68.236,94.45K,-4.50%
6-Dec-18,69.798,69.419,70.744,69.419,35.37K,2.29%
7-Dec-18,70.649,68.331,71.359,68.331,459.01K,1.22%
10-Dec-18,68.283,68.615,70.034,66.816,234.86K,-3.35%
11-Dec-18,68.946,67.952,70.224,67.952,55.88K,0.97%
12-Dec-18,69.23,68.946,69.798,68.946,86.59K,0.41%
13-Dec-18,69.561,69.23,70.082,69.23,397.36K,0.48%
14-Dec-18,69.466,70.034,70.034,69.466,146.58K,-0.14%
17-Dec-18,69.088,69.656,70.034,69.088,52.37K,-0.54%
18-Dec-18,69.088,69.088,69.466,68.851,111.91K,0.00%
19-Dec-18,69.987,69.561,70.034,69.088,205.69K,1.30%
20-Dec-18,68.141,69.987,70.034,67.29,519.08K,-2.64%
21-Dec-18,68.141,68.141,69.277,68.141,251.44K,0.00%
26-Dec-18,69.845,68.236,70.034,68.141,43.77K,2.50%
27-Dec-18,69.561,69.561,69.845,68.662,41.22K,-0.41%
28-Dec-18,69.277,69.608,70.129,68.946,114.33K,-0.41%
2-Jan-19,69.561,69.277,70.034,69.088,53.02K,0.41%
3-Jan-19,74.009,70.034,74.53,70.034,395.89K,6.39%
4-Jan-19,74.293,73.82,74.435,72.921,188.97K,0.38%
7-Jan-19,75.24,74.435,75.571,74.246,127.52K,1.27%
8-Jan-19,73.82,75.24,75.24,73.82,91.65K,-1.89%
9-Jan-19,74.956,73.82,75.24,73.82,251.88K,1.54%
10-Jan-19,76.375,75.192,76.943,75.145,201.82K,1.89%
11-Jan-19,75.713,76.375,76.659,75.713,284.56K,-0.87%
14-Jan-19,75.429,75.713,76.186,74.766,298.06K,-0.38%
15-Jan-19,75.24,75.429,76.943,75.098,177.60K,-0.25%
16-Jan-19,76.091,75.24,76.612,74.766,194.64K,1.13%
17-Jan-19,76.186,75.807,76.423,75.807,69.82K,0.12%
18-Jan-19,76.943,76.139,77.889,75.713,421.36K,0.99%
21-Jan-19,78.079,77.889,78.079,77.132,84.51K,1.48%
22-Jan-19,77.606,78.173,78.931,77.606,189.49K,-0.61%
23-Jan-19,78.363,77.984,78.552,77.416,826.15K,0.98%
24-Jan-19,79.498,78.363,79.877,78.363,305.81K,1.45%
25-Jan-19,81.107,79.546,81.202,79.546,391.32K,2.02%
28-Jan-19,84.183,81.107,84.42,81.107,514.32K,3.79%
29-Jan-19,83.331,84.23,84.42,82.243,90.69K,-1.01%
30-Jan-19,83.284,83.331,83.379,81.107,320.91K,-0.06%
31-Jan-19,83.284,83.284,83.757,80.539,165.42K,0.00%
1-Feb-19,84.136,83.284,84.23,83.237,248.61K,1.02%
4-Feb-19,84.088,84.183,84.562,83.757,157.27K,-0.06%
6-Feb-19,86.36,84.088,86.407,84.088,244.54K,2.70%
7-Feb-19,85.65,86.313,86.313,85.603,191.65K,-0.82%
8-Feb-19,86.076,85.65,86.313,85.177,98.17K,0.50%
11-Feb-19,81.391,86.123,86.123,81.391,136.96K,-5.44%
12-Feb-19,82.101,81.486,83.284,81.391,94.52K,0.87%
13-Feb-19,82.338,82.811,83.189,82.243,94.10K,0.29%
14-Feb-19,83,82.338,83,81.391,38.24K,0.80%
15-Feb-19,81.864,82.953,82.953,81.486,87.04K,-1.37%
18-Feb-19,79.498,81.864,82.338,78.599,159.30K,-2.89%
19-Feb-19,79.972,79.498,80.397,77.795,50.66K,0.60%
20-Feb-19,79.498,79.972,80.161,79.498,60.65K,-0.59%
21-Feb-19,79.782,79.593,81.391,79.025,85.15K,0.36%
22-Feb-19,81.155,81.959,81.959,80.255,48.12K,1.72%
26-Feb-19,83.047,81.155,83.047,80.255,56.92K,2.33%
27-Feb-19,82.432,83,83,80.303,80.04K,-0.74%
28-Feb-19,79.546,81.864,81.864,78.836,81.16K,-3.50%
1-Mar-19,76.659,79.593,80.35,76.281,250.06K,-3.63%
4-Mar-19,76.517,76.659,77.322,76.186,212.13K,-0.19%
5-Mar-19,78.552,76.517,79.404,76.517,45.54K,2.66%
6-Mar-19,77.038,78.552,78.552,74.766,85.15K,-1.93%
7-Mar-19,80.255,77.132,80.445,76.091,165.64K,4.18%
8-Mar-19,80.445,80.445,80.587,80.397,145.38K,0.24%
11-Mar-19,77.937,80.255,80.445,76.233,349.52K,-3.12%
12-Mar-19,77.132,78.552,79.972,77.132,126.94K,-1.03%
13-Mar-19,77.464,77.322,78.552,76.896,307.80K,0.43%
14-Mar-19,79.025,78.552,79.12,78.126,10.84K,2.02%
15-Mar-19,77.227,78.552,79.025,77.227,39.97K,-2.28%
18-Mar-19,76.423,77.132,77.132,76.139,492.86K,-1.04%
19-Mar-19,76.423,76.47,78.552,76.423,51.46K,0.00%
20-Mar-19,76.659,76.659,77.416,76.612,41.74K,0.31%
21-Mar-19,78.694,77.322,78.741,77.227,77.55K,2.65%
22-Mar-19,79.64,78.741,80.303,78.741,143.06K,1.20%
25-Mar-19,76.801,79.64,79.735,76.423,54.10K,-3.57%
26-Mar-19,77.416,77.606,78.079,76.896,27.92K,0.80%
27-Mar-19,77.085,77.511,77.842,76.99,108.59K,-0.43%
28-Mar-19,77.606,77.18,78.126,77.085,26.50K,0.68%
29-Mar-19,78.505,77.511,78.647,76.801,512.97K,1.16%
1-Apr-19,77.038,78.505,78.552,76.706,139.50K,-1.87%
2-Apr-19,78.268,77.416,78.647,77.322,308.07K,1.60%
3-Apr-19,77.464,78.268,78.268,77.132,80.37K,-1.03%
4-Apr-19,79.025,77.558,79.782,77.558,184.09K,2.02%
5-Apr-19,81.391,79.025,81.391,78.552,261.43K,2.99%
8-Apr-19,80.255,81.391,81.391,79.924,50.40K,-1.40%
10-Apr-19,80.445,79.972,80.445,79.498,209.63K,0.24%
11-Apr-19,82.338,80.445,84.041,80.445,1.75M,2.35%
12-Apr-19,79.498,82.29,82.338,79.498,426.76K,-3.45%
15-Apr-19,79.498,79.546,80.445,79.309,215.20K,0.00%
16-Apr-19,77.322,79.498,80.445,77.227,276.09K,-2.74%
17-Apr-19,78.552,77.322,78.552,77.227,183.62K,1.59%
22-Apr-19,78.173,78.552,78.552,77.132,21.97K,-0.48%
23-Apr-19,79.404,78.173,79.404,77.132,16.52K,1.57%
24-Apr-19,77.795,78.741,78.741,77.606,18.58K,-2.03%
25-Apr-19,76.848,77.795,77.889,76.659,88.87K,-1.22%
26-Apr-19,77.227,76.848,77.558,76.801,23.44K,0.49%
29-Apr-19,77.464,77.227,77.606,77.038,51.77K,0.31%
30-Apr-19,77.606,77.464,78.552,76.659,175.89K,0.18%
2-May-19,75.902,76.848,76.943,75.713,212.62K,-2.20%
3-May-19,76.186,75.855,76.659,75.855,60.63K,0.37%
6-May-19,76.99,76.517,77.132,76.375,29.72K,1.06%
7-May-19,76.706,76.754,76.848,76.659,121.48K,-0.37%
8-May-19,76.706,76.706,76.754,76.564,83.06K,0.00%
9-May-19,76.706,76.754,76.754,76.659,347.11K,0.00%
10-May-19,78.552,76.659,79.262,76.659,101.93K,2.41%
14-May-19,78.552,77.606,78.552,76.186,87.28K,0.00%
15-May-19,77.606,78.552,78.552,77.606,51.55K,-1.20%
16-May-19,78.599,77.606,79.972,77.18,341.28K,1.28%
17-May-19,79.782,78.599,80.445,78.599,341.43K,1.51%
20-May-19,80.161,79.782,80.445,78.836,58.82K,0.47%
21-May-19,83.284,81.486,83.757,81.486,768.32K,3.90%
22-May-19,84.23,83.284,84.704,83.284,207.00K,1.14%
23-May-19,83.095,84.23,85.177,82.338,121.29K,-1.35%
24-May-19,84.23,83.284,85.177,82.905,705.17K,1.37%
27-May-19,85.319,84.041,85.366,83.331,193.58K,1.29%
28-May-19,81.391,85.319,85.319,81.391,533.33K,-4.60%
29-May-19,82.527,82.338,83.331,81.58,806.73K,1.40%
30-May-19,85.129,83.757,85.366,83.284,222.00K,3.15%
31-May-19,85.177,85.082,85.65,83.757,513.85K,0.06%
3-Jun-19,87.07,85.366,88.631,85.366,412.51K,2.22%
4-Jun-19,86.407,87.164,87.164,86.36,166.13K,-0.76%
6-Jun-19,86.596,86.407,87.022,86.313,251.48K,0.22%
7-Jun-19,88.3,86.596,89.104,86.596,491.33K,1.97%
10-Jun-19,88.3,89,89,86,357.30K,0.00%
11-Jun-19,89.1,88.3,89.1,87.95,129.67K,0.91%
13-Jun-19,90,89.1,90.4,88.5,291.21K,1.01%
14-Jun-19,88,90,90,87.9,314.38K,-2.22%
17-Jun-19,86.75,88,88,85,225.36K,-1.42%
18-Jun-19,86.1,86.5,86.7,85.5,69.45K,-0.75%
19-Jun-19,88.25,86.5,89.9,86.35,269.15K,2.50%
20-Jun-19,89.4,88.3,89.9,88.3,229.66K,1.30%
21-Jun-19,90.2,89.4,90.2,88.8,94.34K,0.89%
24-Jun-19,90.2,89.45,91.5,89.45,180.58K,0.00%
25-Jun-19,90.05,90,90.9,89,115.40K,-0.17%
26-Jun-19,89,90.05,90.05,88.6,65.17K,-1.17%
27-Jun-19,91.2,89,92,88.9,265.51K,2.47%
28-Jun-19,91,91.2,91.55,91,183.80K,-0.22%
1-Jul-19,89,91,91.2,87.5,562.32K,-2.20%
2-Jul-19,90.25,89,90.5,89,118.38K,1.40%
3-Jul-19,91,90.25,91.1,89.05,215.53K,0.83%
4-Jul-19,91.3,91,91.5,91,62.60K,0.33%
5-Jul-19,92.75,91.2,92.9,91.1,338.39K,1.59%
8-Jul-19,93.4,92.75,93.6,92.65,208.65K,0.70%
9-Jul-19,58,93.4,93.7,58,204.97K,-37.90%
10-Jul-19,87,87,87,87,7.06K,50.00%
11-Jul-19,92.55,92.9,93.55,92.2,430.77K,6.38%
12-Jul-19,93.5,92.9,94,92.9,322.17K,1.03%
15-Jul-19,95.2,93.5,95.9,93.5,465.56K,1.82%
16-Jul-19,96,95.2,96.3,95.2,288.16K,0.84%
17-Jul-19,95.3,96,96.7,95,172.31K,-0.73%
18-Jul-19,95.4,95.5,95.75,95.3,215.22K,0.10%
19-Jul-19,96.45,95.5,96.5,95.25,290.25K,1.10%
22-Jul-19,96.2,96.45,96.5,96,258.09K,-0.26%
23-Jul-19,96.25,96.2,96.5,96.2,208.98K,0.05%
24-Jul-19,96,96.2,96.45,94.95,346.73K,-0.26%
25-Jul-19,95.5,96,96.05,93.8,202.81K,-0.52%
26-Jul-19,95.5,96,96.05,94.8,243.81K,0.00%
29-Jul-19,95.5,95.5,95.65,95.2,112.35K,0.00%
30-Jul-19,95.2,95.5,95.6,95,72.84K,-0.31%
31-Jul-19,93.45,95.2,95.2,92.9,752.63K,-1.84%
1-Aug-19,93.5,93.4,94,93.15,280.50K,0.05%
2-Aug-19,93.4,94,94,93,91.58K,-0.11%
5-Aug-19,91.5,93.4,93.4,89.5,375.27K,-2.03%
6-Aug-19,89.5,91.5,91.5,86.65,523.73K,-2.19%
7-Aug-19,90.5,89.5,91.2,89.5,57.11K,1.12%
8-Aug-19,92.25,90.5,93.9,90.5,141.82K,1.93%
9-Aug-19,92.5,92.5,93.9,92,238.35K,0.27%
13-Aug-19,91,92.8,93.9,89.5,372.35K,-1.62%
14-Aug-19,91.65,91.1,92.45,91.1,380.66K,0.71%
15-Aug-19,93,91,93,89,357.09K,1.47%
16-Aug-19,93.5,93,94.5,91.7,316.73K,0.54%
19-Aug-19,95.45,93.5,95.45,93.45,214.13K,2.09%
20-Aug-19,95.6,95.5,95.9,95.45,333.64K,0.16%
22-Aug-19,95.9,95.65,95.9,95.5,142.84K,0.31%
23-Aug-19,96.25,95.5,96.9,94.8,407.73K,0.36%
27-Aug-19,94,96.25,96.25,93,473.20K,-2.34%
28-Aug-19,95.1,94,95.95,94,97.40K,1.17%
29-Aug-19,95.5,95.1,95.95,95,64.17K,0.42%
30-Aug-19,98,96.8,98.9,96.8,866.73K,2.62%
2-Sep-19,96.25,98.1,98.6,96.25,49.58K,-1.79%
3-Sep-19,96,96.25,96.3,94,140.52K,-0.26%
4-Sep-19,97.8,96,97.8,95.95,84.56K,1.88%
5-Sep-19,94.8,97,97.8,94.2,122.49K,-3.07%
6-Sep-19,95,94.9,95.35,94,141.71K,0.21%
9-Sep-19,94.35,95,97,94,46.09K,-0.68%
10-Sep-19,94,94.35,94.4,93.05,154.14K,-0.37%
11-Sep-19,94,93.5,94.6,93.5,54.21K,0.00%
12-Sep-19,94,94.5,95,94,14.36K,0.00%
13-Sep-19,94.7,95,96.45,94.2,97.73K,0.74%
16-Sep-19,91.5,93.5,93.5,89.2,536.56K,-3.38%
17-Sep-19,91.2,91.5,91.5,91.05,194.06K,-0.33%
18-Sep-19,90.7,91.3,92.9,90.7,72.92K,-0.55%
19-Sep-19,91.65,90.9,92.4,90.9,13.91K,1.05%
20-Sep-19,94,91.65,94,91.5,110.67K,2.56%
23-Sep-19,92.9,94,94.2,91.2,14.34K,-1.17%
24-Sep-19,92.6,92.9,93,91.6,84.91K,-0.32%
25-Sep-19,91.95,92.6,92.6,91.6,105.50K,-0.70%
26-Sep-19,92.45,92.35,94.6,92.35,150.35K,0.54%
27-Sep-19,93,92.45,93.6,92.25,152.50K,0.59%
30-Sep-19,90,92.55,93,90,92.68K,-3.23%
1-Oct-19,89.7,92.5,92.5,89,190.52K,-0.33%
2-Oct-19,89.95,89.6,91.95,89.6,84.70K,0.28%
3-Oct-19,90,89.5,91,89.5,42.93K,0.06%
4-Oct-19,91.1,92.3,92.3,91.1,24.31K,1.22%
7-Oct-19,91.5,91.1,91.5,91.1,14.86K,0.44%
8-Oct-19,91.6,92,92.5,91.5,53.62K,0.11%
9-Oct-19,91.7,91.75,92.45,91.55,35.05K,0.11%
10-Oct-19,92,91.75,92.3,91.7,88.87K,0.33%
11-Oct-19,92.2,92.3,92.4,91.85,134.83K,0.22%
14-Oct-19,94.45,92.5,95,92.35,366.41K,2.44%
15-Oct-19,94.5,95,95.1,94.5,363.91K,0.05%
16-Oct-19,96.45,95.1,96.8,94.75,584.94K,2.06%
17-Oct-19,97,96.45,97,96.2,472.88K,0.57%
18-Oct-19,92.7,97,97,92.7,664.72K,-4.43%
21-Oct-19,95.9,93,95.9,93,233.31K,3.45%
22-Oct-19,96,95,96.85,93.45,246.99K,0.10%
23-Oct-19,94.8,94.3,95.65,93.5,191.37K,-1.25%
24-Oct-19,93.5,94.1,95.7,93.5,112.65K,-1.37%
25-Oct-19,93.2,95,95,92.7,103.70K,-0.32%
28-Oct-19,93.8,93.2,94.45,93,22.02K,0.64%
29-Oct-19,93.2,93.2,93.7,93,62.29K,-0.64%
30-Oct-19,92.35,92.85,93.05,92,214.68K,-0.91%
31-Oct-19,92.35,92.3,92.7,92.2,10.51K,0.00%
4-Nov-19,95.3,92.4,95.5,92.35,148.74K,3.19%
5-Nov-19,96,95.3,96.8,95,247.09K,0.73%
6-Nov-19,96.15,96.7,96.7,95.5,118.04K,0.16%
7-Nov-19,95.8,96.15,96.15,95,100.98K,-0.36%
8-Nov-19,94.35,95,95,94,58.37K,-1.51%
11-Nov-19,96,94.35,96,94,45.29K,1.75%
12-Nov-19,94.9,96,96,94,16.66K,-1.15%
13-Nov-19,95,94.7,95.45,93.4,37.31K,0.11%
14-Nov-19,94.3,95.4,95.4,94.3,72.14K,-0.74%
15-Nov-19,91.95,94.3,94.3,91,162.25K,-2.49%
18-Nov-19,91,91.95,94.3,90.7,106.32K,-1.03%
19-Nov-19,91.8,91,91.95,90.7,39.53K,0.88%
20-Nov-19,94.4,91.8,95,91.1,31.63K,2.83%
21-Nov-19,91.2,94.4,94.4,91,40.19K,-3.39%
22-Nov-19,92,91.2,92.15,91,66.68K,0.88%
25-Nov-19,91.5,92.5,92.7,91.2,50.02K,-0.54%
26-Nov-19,92.8,91.5,92.8,91,97.56K,1.42%
27-Nov-19,92.1,92.8,93,91.2,123.00K,-0.75%
28-Nov-19,92.6,91.9,92.6,91.1,196.81K,0.54%
29-Nov-19,92.5,92.7,92.7,91.8,86.97K,-0.11%
2-Dec-19,92,92.55,93.8,91,23.76K,-0.54%
3-Dec-19,91.8,92.5,92.5,91.2,30.39K,-0.22%
4-Dec-19,93,91.8,93.8,91.6,162.34K,1.31%
5-Dec-19,91.7,93,93.35,91.3,46.60K,-1.40%
6-Dec-19,92,92.8,92.8,91.2,65.62K,0.33%
9-Dec-19,91.4,92,92.4,91,84.97K,-0.65%
10-Dec-19,91.35,91.5,91.85,91.1,71.66K,-0.05%
11-Dec-19,91,91.35,91.35,89.85,50.36K,-0.38%
12-Dec-19,89,90,90.45,89,107.94K,-2.20%
13-Dec-19,92.4,89.95,92.4,89.95,78.83K,3.82%
16-Dec-19,89.55,92.3,92.3,89.45,58.57K,-3.08%
17-Dec-19,91.2,89.55,93.4,89.5,92.97K,1.84%
18-Dec-19,92.65,93,93,92,124.93K,1.59%
19-Dec-19,90.7,92.65,92.65,90,32.38K,-2.10%
20-Dec-19,90.4,92.5,92.5,90.4,59.30K,-0.33%
23-Dec-19,88.9,90.4,92,88.9,316.17K,-1.66%
26-Dec-19,89.85,90,90,89.2,186.63K,1.07%
27-Dec-19,89.5,89.85,89.85,89.45,141.27K,-0.39%
2-Jan-20,88,89.5,90.45,88,67.47K,-1.68%
3-Jan-20,87.95,88,91,87,456.57K,-0.06%
6-Jan-20,87,88,88,86.4,314.61K,-1.08%
7-Jan-20,87.2,87,88,87,478.03K,0.23%
8-Jan-20,86.65,87,87,86.55,420.37K,-0.63%
9-Jan-20,87.2,86.65,88.15,86.65,434.14K,0.63%
10-Jan-20,86.55,87.3,87.5,86.55,214.28K,-0.75%
13-Jan-20,86.55,87.3,87.5,86.55,214.28K,0.00%
14-Jan-20,88.85,87.15,89,87.15,163.29K,2.66%
15-Jan-20,88.7,88.5,88.85,88.45,52.40K,-0.17%
16-Jan-20,87,88.7,88.8,87,55.42K,-1.92%
17-Jan-20,87,86.9,88.7,86.9,88.96K,0.00%
20-Jan-20,86.5,87.5,87.8,86.45,459.08K,-0.57%
21-Jan-20,86,86.4,86.5,86,82.90K,-0.58%
22-Jan-20,86,86,86,84.95,179.89K,0.00%
23-Jan-20,83,85.75,86,82.6,215.14K,-3.49%
24-Jan-20,83.8,83,84.95,83,17.79K,0.96%
27-Jan-20,83.05,83.8,83.8,82.8,139.12K,-0.89%
28-Jan-20,83,83.4,83.5,82.6,70.36K,-0.06%
29-Jan-20,79.7,83,83,79.45,992.24K,-3.98%
30-Jan-20,77.8,79.7,79.8,77.8,171.41K,-2.38%
31-Jan-20,75,77.5,77.55,71.5,695.21K,-3.60%
3-Feb-20,74,75,75,73.9,572.14K,-1.33%
4-Feb-20,74.8,74,75.95,74,647.21K,1.08%
5-Feb-20,79,75,79.95,75,77.23K,5.61%
6-Feb-20,82.3,80,84,80,69.21K,4.18%
7-Feb-20,79.5,84,84,78.5,92.66K,-3.40%
10-Feb-20,80,79.65,82.45,79.6,33.93K,0.63%
11-Feb-20,82.95,80.6,82.95,79,122.87K,3.69%
12-Feb-20,80.2,82.8,82.8,79.3,194.50K,-3.32%
13-Feb-20,78,80.2,80.2,77.05,177.24K,-2.74%
14-Feb-20,78.5,79,80,78,55.89K,0.64%
17-Feb-20,80.3,79.1,81,79.05,34.04K,2.29%
18-Feb-20,80.3,80.5,80.6,79.5,97.76K,0.00%
19-Feb-20,80,80.3,80.6,79.5,375.55K,-0.37%
20-Feb-20,80.75,80,81,79.65,71.02K,0.94%
21-Feb-20,79.8,81,82,79.65,108.87K,-1.18%
24-Feb-20,76.25,79.6,79.75,76.25,138.66K,-4.45%
26-Feb-20,76.8,76.2,76.95,74,114.77K,0.72%
27-Feb-20,76.9,76.8,76.9,76.2,295.22K,0.13%
28-Feb-20,73.55,76.9,78.05,73,182.00K,-4.36%
2-Mar-20,73.2,73,76.45,72.65,137.96K,-0.48%
3-Mar-20,77.1,73.25,78,73.25,147.18K,5.33%
4-Mar-20,74.75,77.1,77.2,73.5,130.12K,-3.05%
5-Mar-20,74.95,74.75,75.65,74.75,17.66K,0.27%
6-Mar-20,71.3,74.95,74.95,71.25,179.37K,-4.87%
9-Mar-20,66.4,71.3,71.3,66.3,281.57K,-6.87%
10-Mar-20,64.25,66.4,66.4,64,148.10K,-3.24%
11-Mar-20,64.4,64.25,64.7,64.15,320.51K,0.23%
12-Mar-20,58,66,66,56.05,161.47K,-9.94%
13-Mar-20,48,45,52.85,45,573.61K,-17.24%
16-Mar-20,47.6,48,48.75,46,218.50K,-0.83%
17-Mar-20,47.6,48,48.75,46,218.50K,0.00%
19-Mar-20,38.7,46,46,38.6,941.20K,-18.70%
20-Mar-20,39.9,40,41.5,39.15,346.80K,3.10%
23-Mar-20,36.7,39.95,40,35,270.00K,-8.02%
24-Mar-20,36.1,38,38.95,36,267.10K,-1.63%
25-Mar-20,38.5,37,42.5,37,659.40K,6.65%
26-Mar-20,41,38.8,41.8,38.8,774.80K,6.49%
27-Mar-20,43.45,41.9,44.5,41.5,598.60K,5.98%
30-Mar-20,46.5,43.45,46.5,41,306.00K,7.02%
31-Mar-20,45.3,47,47.5,45,282.10K,-2.58%
1-Apr-20,45.55,46.5,46.9,44,260.40K,0.55%
2-Apr-20,45.5,46,46.5,44.9,130.60K,-0.11%
3-Apr-20,46.6,46,46.85,45.35,152.60K,2.42%
6-Apr-20,48.1,46.6,48.4,46.05,140.50K,3.22%
7-Apr-20,50.95,48.75,52,48.5,345.60K,5.93%
8-Apr-20,48.05,50.95,51.95,48,503.39K,-5.69%
13-Apr-20,49.6,48.05,50,48,181.60K,3.23%
14-Apr-20,50.6,50,51.5,50,463.70K,2.02%
15-Apr-20,53.8,51.2,54.5,51.2,462.90K,6.32%
16-Apr-20,50.4,54,54.1,49.6,272.69K,-6.32%
17-Apr-20,51.75,53.05,54,51.45,251.04K,2.68%
20-Apr-20,52.85,51.8,53.5,51.8,96.37K,2.13%
21-Apr-20,49.65,52.85,52.85,49.5,207.39K,-6.05%
22-Apr-20,47.75,49.65,49.7,47,355.80K,-3.83%
23-Apr-20,47.05,47.85,49.3,47.05,306.70K,-1.47%
24-Apr-20,47.55,47.05,48,47,137.80K,1.06%
27-Apr-20,48.3,47.55,48.3,47.3,140.30K,1.58%
28-Apr-20,49,48.35,49,47.85,118.50K,1.45%
29-Apr-20,49.4,49.75,50,49.1,76.50K,0.82%
30-Apr-20,48.35,50,50.05,47.35,406.50K,-2.13%
4-May-20,46.85,48,48,45,274.10K,-3.10%
5-May-20,48,46.85,48,46.8,155.10K,2.45%
6-May-20,46.55,47,47.5,46.45,153.30K,-3.02%
7-May-20,46.8,47,47.85,45.95,266.80K,0.54%
8-May-20,44.5,46.8,47,44.5,404.80K,-4.91%
11-May-20,44.95,44.65,45.55,44.65,130.50K,1.01%
12-May-20,43.25,45,45.1,43,227.30K,-3.78%
13-May-20,43.35,43.7,43.7,43.2,92.50K,0.23%
14-May-20,42.8,43.95,43.95,42.8,117.10K,-1.27%
15-May-20,41.95,42.9,43.8,41.9,121.70K,-1.99%
18-May-20,39.6,41.95,43.5,38.8,202.20K,-5.60%
19-May-20,40,40.15,43,39.7,119.70K,1.01%
20-May-20,39.45,40.9,41.75,39.45,102.30K,-1.37%
21-May-20,37.5,39.55,40,37.5,317.40K,-4.94%
22-May-20,35.35,37.4,37.5,35.25,476.30K,-5.73%
26-May-20,31.2,35.35,35.5,31.05,861.70K,-11.74%
27-May-20,31.8,32,32.7,31.5,548.80K,1.92%
28-May-20,33.2,33.9,33.9,32.75,1.42M,4.40%
29-May-20,36.05,35,40.9,35,2.23M,8.58%
1-Jun-20,39.25,37.8,39.4,37.5,829.20K,8.88%
2-Jun-20,43,40,44.8,40,985.20K,9.55%
3-Jun-20,43.75,45,46.1,40.15,1.15M,1.74%
4-Jun-20,44.6,44.1,44.6,41.65,681.90K,1.94%
5-Jun-20,45.7,44.8,46.3,42.7,726.30K,2.47%
8-Jun-20,51.75,46.3,52,46.3,1.12M,13.24%
9-Jun-20,52.1,53.8,55,48.85,1.34M,0.68%
10-Jun-20,49.1,50.3,51.5,49.1,924.13K,-5.76%
11-Jun-20,49,48.5,49.3,46,783.70K,-0.20%
15-Jun-20,44,46.95,47,44,1.01M,-10.20%
16-Jun-20,44.95,44.6,46,44,787.30K,2.16%
17-Jun-20,44.45,46.5,46.95,43.55,1.08M,-1.11%
18-Jun-20,43,44.6,44.9,42.05,713.60K,-3.26%
19-Jun-20,41.9,42.7,43,41,1.36M,-2.56%
22-Jun-20,42,42,42.7,41.3,402.40K,0.24%
23-Jun-20,41.8,42,42.3,41.25,348.40K,-0.48%
24-Jun-20,41.5,41.5,41.9,41,780.30K,-0.72%
25-Jun-20,39.5,40.5,40.95,39.5,529.90K,-4.82%
26-Jun-20,42,39.5,42,39.5,459.90K,6.33%
29-Jun-20,39.75,41.95,41.95,39,323.60K,-5.36%
30-Jun-20,39.6,41,41,39.6,562.50K,-0.38%
1-Jul-20,40,40.4,40.45,39.55,142.60K,1.01%
2-Jul-20,43,40.3,43,39.55,517.90K,7.50%
3-Jul-20,42.9,43.5,45.2,41.6,457.50K,-0.23%
6-Jul-20,43.5,43.05,44.85,43,443.10K,1.40%
7-Jul-20,43.8,44,44.8,43.6,346.60K,0.69%
8-Jul-20,41.4,44.15,44.15,40.1,345.00K,-5.48%
9-Jul-20,42.2,41.55,42.4,41.5,117.60K,1.93%
10-Jul-20,41.15,42.2,42.4,40,144.40K,-2.49%
13-Jul-20,40.25,39.7,40.95,39.6,202.90K,-2.19%
14-Jul-20,40.15,40.25,41,40,118.30K,-0.25%
15-Jul-20,39.1,40.15,40.15,39,177.20K,-2.62%
16-Jul-20,39.8,39.15,40.7,39.15,79.50K,1.79%
17-Jul-20,38.45,40.55,40.55,38.2,232.90K,-3.39%
20-Jul-20,38.7,38.65,39.1,38.5,108.40K,0.65%
21-Jul-20,39.9,39.25,39.9,39.05,70.00K,3.10%
22-Jul-20,40,39.9,40.45,39.5,57.80K,0.25%
23-Jul-20,38.6,40.45,40.45,38,152.60K,-3.50%
24-Jul-20,38.4,38.6,38.6,38.2,239.90K,-0.52%
27-Jul-20,37.05,38.1,38.1,37,192.90K,-3.52%
28-Jul-20,37.15,37.05,37.15,36.8,150.80K,0.27%
29-Jul-20,37.35,37.2,37.5,37.15,180.40K,0.54%
30-Jul-20,37.6,37.15,37.6,37,121.30K,0.67%
3-Aug-20,35.1,36.9,36.9,35.1,285.30K,-6.65%
4-Aug-20,35.3,35.1,35.5,35.1,126.20K,0.57%
5-Aug-20,39.65,35.3,39.7,35.3,585.10K,12.32%
6-Aug-20,37.9,39.5,39.5,37.65,114.50K,-4.41%
7-Aug-20,37.6,37.9,37.9,36.75,90.50K,-0.79%
10-Aug-20,37.5,37.6,38,36.75,71.40K,-0.27%
11-Aug-20,38.85,37.6,39.55,37.6,181.40K,3.60%
12-Aug-20,41,39.6,41,39.55,239.30K,5.53%
13-Aug-20,40,40.8,40.8,39.6,189.50K,-2.44%
14-Aug-20,40.1,40.1,40.7,40,233.20K,0.25%
17-Aug-20,39.45,40.1,40.1,37.9,136.90K,-1.62%
18-Aug-20,39,39.45,39.5,38.75,153.70K,-1.14%
19-Aug-20,38.85,39.5,39.8,38.75,172.00K,-0.38%
20-Aug-20,38.4,38.65,39,38.4,122.60K,-1.16%
24-Aug-20,37.3,39,39,37.15,243.40K,-2.86%
25-Aug-20,36.9,38,38,36.65,264.50K,-1.07%
26-Aug-20,36.45,36.9,36.95,36.4,272.70K,-1.22%
27-Aug-20,36,36.5,36.95,35.5,327.40K,-1.23%
28-Aug-20,35.65,35.85,36.05,35.55,645.60K,-0.97%
1-Sep-20,36,35.8,36.9,35.7,342.30K,0.98%
2-Sep-20,36,36.85,36.85,35.5,260.00K,0.00%
3-Sep-20,35.75,36.45,36.5,35.75,107.50K,-0.69%
4-Sep-20,35.65,36,36.05,35.6,83.00K,-0.28%
7-Sep-20,36.9,35.9,36.9,35.9,93.50K,3.51%
8-Sep-20,38.55,37,38.6,36.55,1.01M,4.47%
9-Sep-20,37.8,38.55,38.95,37.05,149.00K,-1.95%
10-Sep-20,36.65,38,38,36.25,425.40K,-3.04%
11-Sep-20,37.5,36.65,37.7,36.65,147.10K,2.32%
14-Sep-20,37.55,37.5,37.8,37.15,202.90K,0.13%
15-Sep-20,38,37.5,38.5,37.5,219.10K,1.20%
16-Sep-20,38,38.1,38.25,37.75,177.60K,0.00%
17-Sep-20,37.9,38.1,38.2,37.7,127.20K,-0.26%
18-Sep-20,37,37.9,37.9,37,334.40K,-2.37%
21-Sep-20,36.5,37,37,36.25,159.70K,-1.35%
22-Sep-20,36.2,36.6,36.95,36,243.50K,-0.82%
23-Sep-20,36.05,36.2,36.25,36,264.70K,-0.41%
24-Sep-20,36.55,36.1,37.4,36.1,80.50K,1.39%
25-Sep-20,36.95,36.55,37.4,36.55,275.60K,1.09%
28-Sep-20,37,37.15,37.55,36.95,371.80K,0.14%
29-Sep-20,36.4,37,37.4,36.3,251.60K,-1.62%
30-Sep-20,37.75,36.5,37.95,36.45,211.00K,3.71%
1-Oct-20,39.7,37.75,39.85,37.75,688.90K,5.17%
2-Oct-20,39,39.9,40,38.5,410.60K,-1.76%
5-Oct-20,37.65,39,39,37.5,365.90K,-3.46%
6-Oct-20,36.55,37.6,37.6,36.4,311.40K,-2.92%
7-Oct-20,37.1,36.55,37.9,36.55,112.80K,1.50%
8-Oct-20,36.65,37.1,37.95,36.5,175.20K,-1.21%
9-Oct-20,37.5,37.4,38.8,37,338.70K,2.32%
12-Oct-20,38.1,38,38.35,37.5,175.00K,1.60%
13-Oct-20,37,38.05,38.05,37,275.40K,-2.89%
14-Oct-20,37,36.75,37.85,36.75,307.80K,0.00%
15-Oct-20,37.6,37,37.7,37,79.10K,1.62%
16-Oct-20,38,37.6,38,36.95,648.20K,1.06%
19-Oct-20,39.05,39.6,39.9,39,724.20K,2.76%
20-Oct-20,41.7,39.1,43,39.1,2.40M,6.79%
21-Oct-20,40.7,42.6,42.9,40.2,1.31M,-2.40%
22-Oct-20,40.7,41,41.95,40.2,804.60K,0.00%
23-Oct-20,41.15,41.05,42.1,40.7,852.20K,1.11%
26-Oct-20,40.7,41.65,42.1,40.25,552.30K,-1.09%
27-Oct-20,39.05,40.65,40.65,38.7,1.01M,-4.05%
28-Oct-20,39.6,39,39.9,39,301.60K,1.41%
29-Oct-20,38.9,39.6,39.6,38.55,354.20K,-1.77%
30-Oct-20,38.8,39.5,39.8,38.65,381.50K,-0.26%
3-Nov-20,38.1,38.8,39.25,37.9,863.30K,-1.80%
4-Nov-20,39,38.1,39.45,38.1,338.20K,2.36%
5-Nov-20,39.65,39.1,40,38.85,725.40K,1.67%
6-Nov-20,40.1,39.7,40.55,39.65,1.09M,1.13%
9-Nov-20,39.2,40.6,40.6,38.55,1.44M,-2.24%
10-Nov-20,44.75,44.5,45.5,42.7,4.09M,14.16%
11-Nov-20,44,45,45.5,43.45,1.95M,-1.68%
13-Nov-20,42.75,43.8,43.8,42.55,983.70K,-2.84%
16-Nov-20,43.3,42.75,43.8,42.7,975.50K,1.29%
17-Nov-20,45.2,44.3,45.25,43.9,1.64M,4.39%
18-Nov-20,47.6,45.7,48.4,45.7,2.22M,5.31%
19-Nov-20,49.55,48.55,49.9,48.55,2.18M,4.10%
20-Nov-20,49.7,50,51.85,48.15,2.65M,0.30%
23-Nov-20,51.25,50,51.7,49.85,1.98M,3.12%
24-Nov-20,51,51.5,52.2,49.2,1.84M,-0.49%
25-Nov-20,50.5,51.5,52,50.5,775.97K,-0.98%
26-Nov-20,48.25,50,50,48.25,1.44M,-4.46%
27-Nov-20,47,48.25,48.5,45,1.25M,-2.59%
1-Dec-20,50.25,47,50.35,47,1.06M,6.91%
2-Dec-20,49.7,50.3,50.35,48.95,586.49K,-1.09%
3-Dec-20,50.7,50,51,50,1.02M,2.01%
4-Dec-20,51.3,51.4,51.95,50.85,551.34K,1.18%
7-Dec-20,51.3,51.3,51.75,50.5,668.05K,0.00%
9-Dec-20,51.35,51.5,51.5,50.5,1.00M,0.10%
10-Dec-20,50.8,51.3,51.3,50.65,487.60K,-1.07%
11-Dec-20,50,50.8,50.8,49.8,1.43M,-1.57%
14-Dec-20,50.5,50,51,49.6,876.10K,1.00%
15-Dec-20,50,50.55,51,49.85,797.89K,-0.99%
16-Dec-20,50.2,50,50.95,50,338.38K,0.40%
17-Dec-20,54,50.5,54.7,50.3,1.87M,7.57%
18-Dec-20,57.3,54.2,58.3,54.2,2.40M,6.11%
21-Dec-20,54.8,57.8,58.1,53.25,1.17M,-4.36%
22-Dec-20,51.75,54.4,54.4,50.35,1.90M,-5.57%
23-Dec-20,52.8,51,53,49,1.16M,2.03%
28-Dec-20,50.7,50,51,49,1.52M,-3.98%
29-Dec-20,50.5,50.4,50.75,49.5,847.09K,-0.39%
4-Jan-21,48.6,50,50,47.9,1.47M,-3.76%
5-Jan-21,46.4,47.7,47.7,45.15,1.45M,-4.53%
6-Jan-21,45.95,46.8,47,45.5,931.90K,-0.97%
7-Jan-21,49,46.85,49.2,46.85,968.40K,6.64%
8-Jan-21,49.1,49.5,50,48,405.10K,0.20%
11-Jan-21,50.35,49.25,50.5,49.1,414.80K,2.55%
12-Jan-21,49.5,50.35,50.35,48.2,318.00K,-1.69%
13-Jan-21,49.2,49,50,48.5,293.70K,-0.61%
14-Jan-21,48.6,48.5,49.2,48,364.80K,-1.22%
15-Jan-21,49.05,48.6,49.25,48.3,157.40K,0.93%
18-Jan-21,49.5,49,49.6,48.8,484.70K,0.92%
19-Jan-21,50.05,49.6,50.2,49.6,555.30K,1.11%
20-Jan-21,49.5,50.05,50.05,49.25,609.16K,-1.10%
21-Jan-21,49.6,49.7,50,49,401.60K,0.20%
22-Jan-21,50.1,49.6,50.2,49.5,434.00K,1.01%
25-Jan-21,51.4,50.1,52,50,823.92K,2.59%
26-Jan-21,50,51.45,51.45,48.1,1.10M,-2.72%
27-Jan-21,47.05,49.05,49.05,45.75,960.73K,-5.90%
28-Jan-21,46.3,47,47.3,46,277.30K,-1.59%
29-Jan-21,47.5,46.25,47.95,45.5,517.80K,2.59%
1-Feb-21,46.75,47,47,46.3,252.10K,-1.58%
2-Feb-21,47.15,46.85,47.5,46.7,109.10K,0.86%
3-Feb-21,46.8,47.25,47.55,46.8,352.80K,-0.74%
4-Feb-21,47,46.85,47,46.4,2.16M,0.43%
5-Feb-21,48,47,48.8,47,716.90K,2.13%
8-Feb-21,48,48.5,48.6,48,413.70K,0.00%
9-Feb-21,49.05,48.6,49.45,48,190.30K,2.19%
10-Feb-21,50,49,50.2,48.5,395.90K,1.94%
11-Feb-21,50.4,50,51,49.9,558.04K,0.80%
15-Feb-21,50,50.4,50.7,48.55,663.58K,-0.79%
16-Feb-21,50.7,50.1,51.85,50,794.22K,1.40%
17-Feb-21,50.1,50.75,50.85,49.95,406.17K,-1.18%
18-Feb-21,49.5,50,50,48.9,1.68M,-1.20%
19-Feb-21,46.8,45.536,46.987,45.536,1.65M,-5.45%
22-Feb-21,47.3,46.8,47.9,46,944.63K,1.07%
23-Feb-21,46.5,46.8,46.95,45.6,839.40K,-1.69%
24-Feb-21,45.5,46.4,46.4,45.2,579.50K,-2.15%
26-Feb-21,44.85,45,45.3,43.65,697.10K,-1.43%
1-Mar-21,45.2,44.85,46.5,44.85,519.60K,0.78%
2-Mar-21,45.25,45.4,45.4,44.9,297.20K,0.11%
3-Mar-21,43.4,45.25,45.25,42.8,616.00K,-4.09%
4-Mar-21,44.55,43.5,45,43.5,222.20K,2.65%
5-Mar-21,45,45,45,44.55,229.90K,1.01%
8-Mar-21,45.9,45.2,48.1,45,666.00K,2.00%
9-Mar-21,45.6,45,46,43.25,300.50K,-0.65%
10-Mar-21,46.85,45.6,47.1,44.9,474.90K,2.74%
11-Mar-21,47.2,46.85,47.5,46,333.50K,0.75%
12-Mar-21,46.5,47.6,47.6,46,348.20K,-1.48%
